idx_query,idx_anchor,UNIPROT
1025,990,P00533
1025,1103,P00533
1025,1075,P00533
1025,1060,P00533
1025,1114,P00533
1025,1097,P00533
1025,1033,P00533
1025,1064,P00533
1025,1100,P00533
1025,1058,P00533
1025,1119,P00533
1025,1004,P00533
1025,1024,P00533
1025,1063,P00533
1025,994,P00533
1025,1101,P00533
1025,982,P00533
1026,990,P00533
1026,1103,P00533
1026,1075,P00533
1026,1060,P00533
1026,1114,P00533
1026,1097,P00533
1026,1033,P00533
1026,1064,P00533
1026,1100,P00533
1026,1058,P00533
1026,1119,P00533
1026,1004,P00533
1026,1024,P00533
1026,1063,P00533
1026,994,P00533
1026,1101,P00533
1026,982,P00533
1027,990,P00533
1027,1103,P00533
1027,1075,P00533
1027,1060,P00533
1027,1114,P00533
1027,1097,P00533
1027,1033,P00533
1027,1064,P00533
1027,1100,P00533
1027,1058,P00533
1027,1119,P00533
1027,1004,P00533
1027,1024,P00533
1027,1063,P00533
1027,994,P00533
1027,1101,P00533
1027,982,P00533
1028,990,P00533
1028,1103,P00533
1028,1075,P00533
1028,1060,P00533
1028,1114,P00533
1028,1097,P00533
1028,1033,P00533
1028,1064,P00533
1028,1100,P00533
1028,1058,P00533
1028,1119,P00533
1028,1004,P00533
1028,1024,P00533
1028,1063,P00533
1028,994,P00533
1028,1101,P00533
1028,982,P00533
1029,990,P00533
1029,1103,P00533
1029,1075,P00533
1029,1060,P00533
1029,1114,P00533
1029,1097,P00533
1029,1033,P00533
1029,1064,P00533
1029,1100,P00533
1029,1058,P00533
1029,1119,P00533
1029,1004,P00533
1029,1024,P00533
1029,1063,P00533
1029,994,P00533
1029,1101,P00533
1029,982,P00533
1030,990,P00533
1030,1103,P00533
1030,1075,P00533
1030,1060,P00533
1030,1114,P00533
1030,1097,P00533
1030,1033,P00533
1030,1064,P00533
1030,1100,P00533
1030,1058,P00533
1030,1119,P00533
1030,1004,P00533
1030,1024,P00533
1030,1063,P00533
1030,994,P00533
1030,1101,P00533
1030,982,P00533
1031,990,P00533
1031,1103,P00533
1031,1075,P00533
1031,1060,P00533
1031,1114,P00533
1031,1097,P00533
1031,1033,P00533
1031,1064,P00533
1031,1100,P00533
1031,1058,P00533
1031,1119,P00533
1031,1004,P00533
1031,1024,P00533
1031,1063,P00533
1031,994,P00533
1031,1101,P00533
1031,982,P00533
1032,990,P00533
1032,1103,P00533
1032,1075,P00533
1032,1060,P00533
1032,1114,P00533
1032,1097,P00533
1032,1033,P00533
1032,1064,P00533
1032,1100,P00533
1032,1058,P00533
1032,1119,P00533
1032,1004,P00533
1032,1024,P00533
1032,1063,P00533
1032,994,P00533
1032,1101,P00533
1032,982,P00533
1034,990,P00533
1034,1103,P00533
1034,1075,P00533
1034,1060,P00533
1034,1114,P00533
1034,1097,P00533
1034,1033,P00533
1034,1064,P00533
1034,1100,P00533
1034,1058,P00533
1034,1119,P00533
1034,1004,P00533
1034,1024,P00533
1034,1063,P00533
1034,994,P00533
1034,1101,P00533
1034,982,P00533
1035,990,P00533
1035,1103,P00533
1035,1075,P00533
1035,1060,P00533
1035,1114,P00533
1035,1097,P00533
1035,1033,P00533
1035,1064,P00533
1035,1100,P00533
1035,1058,P00533
1035,1119,P00533
1035,1004,P00533
1035,1024,P00533
1035,1063,P00533
1035,994,P00533
1035,1101,P00533
1035,982,P00533
1036,990,P00533
1036,1103,P00533
1036,1075,P00533
1036,1060,P00533
1036,1114,P00533
1036,1097,P00533
1036,1033,P00533
1036,1064,P00533
1036,1100,P00533
1036,1058,P00533
1036,1119,P00533
1036,1004,P00533
1036,1024,P00533
1036,1063,P00533
1036,994,P00533
1036,1101,P00533
1036,982,P00533
1037,990,P00533
1037,1103,P00533
1037,1075,P00533
1037,1060,P00533
1037,1114,P00533
1037,1097,P00533
1037,1033,P00533
1037,1064,P00533
1037,1100,P00533
1037,1058,P00533
1037,1119,P00533
1037,1004,P00533
1037,1024,P00533
1037,1063,P00533
1037,994,P00533
1037,1101,P00533
1037,982,P00533
14,990,P00533
14,1103,P00533
14,1075,P00533
14,1060,P00533
14,1114,P00533
14,1097,P00533
14,1033,P00533
14,1064,P00533
14,1100,P00533
14,1058,P00533
14,1119,P00533
14,1004,P00533
14,1024,P00533
14,1063,P00533
14,994,P00533
14,1101,P00533
14,982,P00533
15,990,P00533
15,1103,P00533
15,1075,P00533
15,1060,P00533
15,1114,P00533
15,1097,P00533
15,1033,P00533
15,1064,P00533
15,1100,P00533
15,1058,P00533
15,1119,P00533
15,1004,P00533
15,1024,P00533
15,1063,P00533
15,994,P00533
15,1101,P00533
15,982,P00533
1038,990,P00533
1038,1103,P00533
1038,1075,P00533
1038,1060,P00533
1038,1114,P00533
1038,1097,P00533
1038,1033,P00533
1038,1064,P00533
1038,1100,P00533
1038,1058,P00533
1038,1119,P00533
1038,1004,P00533
1038,1024,P00533
1038,1063,P00533
1038,994,P00533
1038,1101,P00533
1038,982,P00533
1039,990,P00533
1039,1103,P00533
1039,1075,P00533
1039,1060,P00533
1039,1114,P00533
1039,1097,P00533
1039,1033,P00533
1039,1064,P00533
1039,1100,P00533
1039,1058,P00533
1039,1119,P00533
1039,1004,P00533
1039,1024,P00533
1039,1063,P00533
1039,994,P00533
1039,1101,P00533
1039,982,P00533
1040,990,P00533
1040,1103,P00533
1040,1075,P00533
1040,1060,P00533
1040,1114,P00533
1040,1097,P00533
1040,1033,P00533
1040,1064,P00533
1040,1100,P00533
1040,1058,P00533
1040,1119,P00533
1040,1004,P00533
1040,1024,P00533
1040,1063,P00533
1040,994,P00533
1040,1101,P00533
1040,982,P00533
1041,990,P00533
1041,1103,P00533
1041,1075,P00533
1041,1060,P00533
1041,1114,P00533
1041,1097,P00533
1041,1033,P00533
1041,1064,P00533
1041,1100,P00533
1041,1058,P00533
1041,1119,P00533
1041,1004,P00533
1041,1024,P00533
1041,1063,P00533
1041,994,P00533
1041,1101,P00533
1041,982,P00533
1042,990,P00533
1042,1103,P00533
1042,1075,P00533
1042,1060,P00533
1042,1114,P00533
1042,1097,P00533
1042,1033,P00533
1042,1064,P00533
1042,1100,P00533
1042,1058,P00533
1042,1119,P00533
1042,1004,P00533
1042,1024,P00533
1042,1063,P00533
1042,994,P00533
1042,1101,P00533
1042,982,P00533
1043,990,P00533
1043,1103,P00533
1043,1075,P00533
1043,1060,P00533
1043,1114,P00533
1043,1097,P00533
1043,1033,P00533
1043,1064,P00533
1043,1100,P00533
1043,1058,P00533
1043,1119,P00533
1043,1004,P00533
1043,1024,P00533
1043,1063,P00533
1043,994,P00533
1043,1101,P00533
1043,982,P00533
1044,990,P00533
1044,1103,P00533
1044,1075,P00533
1044,1060,P00533
1044,1114,P00533
1044,1097,P00533
1044,1033,P00533
1044,1064,P00533
1044,1100,P00533
1044,1058,P00533
1044,1119,P00533
1044,1004,P00533
1044,1024,P00533
1044,1063,P00533
1044,994,P00533
1044,1101,P00533
1044,982,P00533
1045,990,P00533
1045,1103,P00533
1045,1075,P00533
1045,1060,P00533
1045,1114,P00533
1045,1097,P00533
1045,1033,P00533
1045,1064,P00533
1045,1100,P00533
1045,1058,P00533
1045,1119,P00533
1045,1004,P00533
1045,1024,P00533
1045,1063,P00533
1045,994,P00533
1045,1101,P00533
1045,982,P00533
1046,990,P00533
1046,1103,P00533
1046,1075,P00533
1046,1060,P00533
1046,1114,P00533
1046,1097,P00533
1046,1033,P00533
1046,1064,P00533
1046,1100,P00533
1046,1058,P00533
1046,1119,P00533
1046,1004,P00533
1046,1024,P00533
1046,1063,P00533
1046,994,P00533
1046,1101,P00533
1046,982,P00533
1047,990,P00533
1047,1103,P00533
1047,1075,P00533
1047,1060,P00533
1047,1114,P00533
1047,1097,P00533
1047,1033,P00533
1047,1064,P00533
1047,1100,P00533
1047,1058,P00533
1047,1119,P00533
1047,1004,P00533
1047,1024,P00533
1047,1063,P00533
1047,994,P00533
1047,1101,P00533
1047,982,P00533
1048,990,P00533
1048,1103,P00533
1048,1075,P00533
1048,1060,P00533
1048,1114,P00533
1048,1097,P00533
1048,1033,P00533
1048,1064,P00533
1048,1100,P00533
1048,1058,P00533
1048,1119,P00533
1048,1004,P00533
1048,1024,P00533
1048,1063,P00533
1048,994,P00533
1048,1101,P00533
1048,982,P00533
1049,990,P00533
1049,1103,P00533
1049,1075,P00533
1049,1060,P00533
1049,1114,P00533
1049,1097,P00533
1049,1033,P00533
1049,1064,P00533
1049,1100,P00533
1049,1058,P00533
1049,1119,P00533
1049,1004,P00533
1049,1024,P00533
1049,1063,P00533
1049,994,P00533
1049,1101,P00533
1049,982,P00533
1050,990,P00533
1050,1103,P00533
1050,1075,P00533
1050,1060,P00533
1050,1114,P00533
1050,1097,P00533
1050,1033,P00533
1050,1064,P00533
1050,1100,P00533
1050,1058,P00533
1050,1119,P00533
1050,1004,P00533
1050,1024,P00533
1050,1063,P00533
1050,994,P00533
1050,1101,P00533
1050,982,P00533
1051,990,P00533
1051,1103,P00533
1051,1075,P00533
1051,1060,P00533
1051,1114,P00533
1051,1097,P00533
1051,1033,P00533
1051,1064,P00533
1051,1100,P00533
1051,1058,P00533
1051,1119,P00533
1051,1004,P00533
1051,1024,P00533
1051,1063,P00533
1051,994,P00533
1051,1101,P00533
1051,982,P00533
1052,990,P00533
1052,1103,P00533
1052,1075,P00533
1052,1060,P00533
1052,1114,P00533
1052,1097,P00533
1052,1033,P00533
1052,1064,P00533
1052,1100,P00533
1052,1058,P00533
1052,1119,P00533
1052,1004,P00533
1052,1024,P00533
1052,1063,P00533
1052,994,P00533
1052,1101,P00533
1052,982,P00533
1053,990,P00533
1053,1103,P00533
1053,1075,P00533
1053,1060,P00533
1053,1114,P00533
1053,1097,P00533
1053,1033,P00533
1053,1064,P00533
1053,1100,P00533
1053,1058,P00533
1053,1119,P00533
1053,1004,P00533
1053,1024,P00533
1053,1063,P00533
1053,994,P00533
1053,1101,P00533
1053,982,P00533
1054,990,P00533
1054,1103,P00533
1054,1075,P00533
1054,1060,P00533
1054,1114,P00533
1054,1097,P00533
1054,1033,P00533
1054,1064,P00533
1054,1100,P00533
1054,1058,P00533
1054,1119,P00533
1054,1004,P00533
1054,1024,P00533
1054,1063,P00533
1054,994,P00533
1054,1101,P00533
1054,982,P00533
1055,990,P00533
1055,1103,P00533
1055,1075,P00533
1055,1060,P00533
1055,1114,P00533
1055,1097,P00533
1055,1033,P00533
1055,1064,P00533
1055,1100,P00533
1055,1058,P00533
1055,1119,P00533
1055,1004,P00533
1055,1024,P00533
1055,1063,P00533
1055,994,P00533
1055,1101,P00533
1055,982,P00533
1056,990,P00533
1056,1103,P00533
1056,1075,P00533
1056,1060,P00533
1056,1114,P00533
1056,1097,P00533
1056,1033,P00533
1056,1064,P00533
1056,1100,P00533
1056,1058,P00533
1056,1119,P00533
1056,1004,P00533
1056,1024,P00533
1056,1063,P00533
1056,994,P00533
1056,1101,P00533
1056,982,P00533
1057,990,P00533
1057,1103,P00533
1057,1075,P00533
1057,1060,P00533
1057,1114,P00533
1057,1097,P00533
1057,1033,P00533
1057,1064,P00533
1057,1100,P00533
1057,1058,P00533
1057,1119,P00533
1057,1004,P00533
1057,1024,P00533
1057,1063,P00533
1057,994,P00533
1057,1101,P00533
1057,982,P00533
1059,990,P00533
1059,1103,P00533
1059,1075,P00533
1059,1060,P00533
1059,1114,P00533
1059,1097,P00533
1059,1033,P00533
1059,1064,P00533
1059,1100,P00533
1059,1058,P00533
1059,1119,P00533
1059,1004,P00533
1059,1024,P00533
1059,1063,P00533
1059,994,P00533
1059,1101,P00533
1059,982,P00533
1061,990,P00533
1061,1103,P00533
1061,1075,P00533
1061,1060,P00533
1061,1114,P00533
1061,1097,P00533
1061,1033,P00533
1061,1064,P00533
1061,1100,P00533
1061,1058,P00533
1061,1119,P00533
1061,1004,P00533
1061,1024,P00533
1061,1063,P00533
1061,994,P00533
1061,1101,P00533
1061,982,P00533
1062,990,P00533
1062,1103,P00533
1062,1075,P00533
1062,1060,P00533
1062,1114,P00533
1062,1097,P00533
1062,1033,P00533
1062,1064,P00533
1062,1100,P00533
1062,1058,P00533
1062,1119,P00533
1062,1004,P00533
1062,1024,P00533
1062,1063,P00533
1062,994,P00533
1062,1101,P00533
1062,982,P00533
1065,990,P00533
1065,1103,P00533
1065,1075,P00533
1065,1060,P00533
1065,1114,P00533
1065,1097,P00533
1065,1033,P00533
1065,1064,P00533
1065,1100,P00533
1065,1058,P00533
1065,1119,P00533
1065,1004,P00533
1065,1024,P00533
1065,1063,P00533
1065,994,P00533
1065,1101,P00533
1065,982,P00533
1066,990,P00533
1066,1103,P00533
1066,1075,P00533
1066,1060,P00533
1066,1114,P00533
1066,1097,P00533
1066,1033,P00533
1066,1064,P00533
1066,1100,P00533
1066,1058,P00533
1066,1119,P00533
1066,1004,P00533
1066,1024,P00533
1066,1063,P00533
1066,994,P00533
1066,1101,P00533
1066,982,P00533
1067,990,P00533
1067,1103,P00533
1067,1075,P00533
1067,1060,P00533
1067,1114,P00533
1067,1097,P00533
1067,1033,P00533
1067,1064,P00533
1067,1100,P00533
1067,1058,P00533
1067,1119,P00533
1067,1004,P00533
1067,1024,P00533
1067,1063,P00533
1067,994,P00533
1067,1101,P00533
1067,982,P00533
1068,990,P00533
1068,1103,P00533
1068,1075,P00533
1068,1060,P00533
1068,1114,P00533
1068,1097,P00533
1068,1033,P00533
1068,1064,P00533
1068,1100,P00533
1068,1058,P00533
1068,1119,P00533
1068,1004,P00533
1068,1024,P00533
1068,1063,P00533
1068,994,P00533
1068,1101,P00533
1068,982,P00533
1069,990,P00533
1069,1103,P00533
1069,1075,P00533
1069,1060,P00533
1069,1114,P00533
1069,1097,P00533
1069,1033,P00533
1069,1064,P00533
1069,1100,P00533
1069,1058,P00533
1069,1119,P00533
1069,1004,P00533
1069,1024,P00533
1069,1063,P00533
1069,994,P00533
1069,1101,P00533
1069,982,P00533
1070,990,P00533
1070,1103,P00533
1070,1075,P00533
1070,1060,P00533
1070,1114,P00533
1070,1097,P00533
1070,1033,P00533
1070,1064,P00533
1070,1100,P00533
1070,1058,P00533
1070,1119,P00533
1070,1004,P00533
1070,1024,P00533
1070,1063,P00533
1070,994,P00533
1070,1101,P00533
1070,982,P00533
1071,990,P00533
1071,1103,P00533
1071,1075,P00533
1071,1060,P00533
1071,1114,P00533
1071,1097,P00533
1071,1033,P00533
1071,1064,P00533
1071,1100,P00533
1071,1058,P00533
1071,1119,P00533
1071,1004,P00533
1071,1024,P00533
1071,1063,P00533
1071,994,P00533
1071,1101,P00533
1071,982,P00533
1072,990,P00533
1072,1103,P00533
1072,1075,P00533
1072,1060,P00533
1072,1114,P00533
1072,1097,P00533
1072,1033,P00533
1072,1064,P00533
1072,1100,P00533
1072,1058,P00533
1072,1119,P00533
1072,1004,P00533
1072,1024,P00533
1072,1063,P00533
1072,994,P00533
1072,1101,P00533
1072,982,P00533
1073,990,P00533
1073,1103,P00533
1073,1075,P00533
1073,1060,P00533
1073,1114,P00533
1073,1097,P00533
1073,1033,P00533
1073,1064,P00533
1073,1100,P00533
1073,1058,P00533
1073,1119,P00533
1073,1004,P00533
1073,1024,P00533
1073,1063,P00533
1073,994,P00533
1073,1101,P00533
1073,982,P00533
1074,990,P00533
1074,1103,P00533
1074,1075,P00533
1074,1060,P00533
1074,1114,P00533
1074,1097,P00533
1074,1033,P00533
1074,1064,P00533
1074,1100,P00533
1074,1058,P00533
1074,1119,P00533
1074,1004,P00533
1074,1024,P00533
1074,1063,P00533
1074,994,P00533
1074,1101,P00533
1074,982,P00533
1076,990,P00533
1076,1103,P00533
1076,1075,P00533
1076,1060,P00533
1076,1114,P00533
1076,1097,P00533
1076,1033,P00533
1076,1064,P00533
1076,1100,P00533
1076,1058,P00533
1076,1119,P00533
1076,1004,P00533
1076,1024,P00533
1076,1063,P00533
1076,994,P00533
1076,1101,P00533
1076,982,P00533
1077,990,P00533
1077,1103,P00533
1077,1075,P00533
1077,1060,P00533
1077,1114,P00533
1077,1097,P00533
1077,1033,P00533
1077,1064,P00533
1077,1100,P00533
1077,1058,P00533
1077,1119,P00533
1077,1004,P00533
1077,1024,P00533
1077,1063,P00533
1077,994,P00533
1077,1101,P00533
1077,982,P00533
1078,990,P00533
1078,1103,P00533
1078,1075,P00533
1078,1060,P00533
1078,1114,P00533
1078,1097,P00533
1078,1033,P00533
1078,1064,P00533
1078,1100,P00533
1078,1058,P00533
1078,1119,P00533
1078,1004,P00533
1078,1024,P00533
1078,1063,P00533
1078,994,P00533
1078,1101,P00533
1078,982,P00533
1079,990,P00533
1079,1103,P00533
1079,1075,P00533
1079,1060,P00533
1079,1114,P00533
1079,1097,P00533
1079,1033,P00533
1079,1064,P00533
1079,1100,P00533
1079,1058,P00533
1079,1119,P00533
1079,1004,P00533
1079,1024,P00533
1079,1063,P00533
1079,994,P00533
1079,1101,P00533
1079,982,P00533
1080,990,P00533
1080,1103,P00533
1080,1075,P00533
1080,1060,P00533
1080,1114,P00533
1080,1097,P00533
1080,1033,P00533
1080,1064,P00533
1080,1100,P00533
1080,1058,P00533
1080,1119,P00533
1080,1004,P00533
1080,1024,P00533
1080,1063,P00533
1080,994,P00533
1080,1101,P00533
1080,982,P00533
1081,990,P00533
1081,1103,P00533
1081,1075,P00533
1081,1060,P00533
1081,1114,P00533
1081,1097,P00533
1081,1033,P00533
1081,1064,P00533
1081,1100,P00533
1081,1058,P00533
1081,1119,P00533
1081,1004,P00533
1081,1024,P00533
1081,1063,P00533
1081,994,P00533
1081,1101,P00533
1081,982,P00533
1082,990,P00533
1082,1103,P00533
1082,1075,P00533
1082,1060,P00533
1082,1114,P00533
1082,1097,P00533
1082,1033,P00533
1082,1064,P00533
1082,1100,P00533
1082,1058,P00533
1082,1119,P00533
1082,1004,P00533
1082,1024,P00533
1082,1063,P00533
1082,994,P00533
1082,1101,P00533
1082,982,P00533
1083,990,P00533
1083,1103,P00533
1083,1075,P00533
1083,1060,P00533
1083,1114,P00533
1083,1097,P00533
1083,1033,P00533
1083,1064,P00533
1083,1100,P00533
1083,1058,P00533
1083,1119,P00533
1083,1004,P00533
1083,1024,P00533
1083,1063,P00533
1083,994,P00533
1083,1101,P00533
1083,982,P00533
1084,990,P00533
1084,1103,P00533
1084,1075,P00533
1084,1060,P00533
1084,1114,P00533
1084,1097,P00533
1084,1033,P00533
1084,1064,P00533
1084,1100,P00533
1084,1058,P00533
1084,1119,P00533
1084,1004,P00533
1084,1024,P00533
1084,1063,P00533
1084,994,P00533
1084,1101,P00533
1084,982,P00533
1085,990,P00533
1085,1103,P00533
1085,1075,P00533
1085,1060,P00533
1085,1114,P00533
1085,1097,P00533
1085,1033,P00533
1085,1064,P00533
1085,1100,P00533
1085,1058,P00533
1085,1119,P00533
1085,1004,P00533
1085,1024,P00533
1085,1063,P00533
1085,994,P00533
1085,1101,P00533
1085,982,P00533
1086,990,P00533
1086,1103,P00533
1086,1075,P00533
1086,1060,P00533
1086,1114,P00533
1086,1097,P00533
1086,1033,P00533
1086,1064,P00533
1086,1100,P00533
1086,1058,P00533
1086,1119,P00533
1086,1004,P00533
1086,1024,P00533
1086,1063,P00533
1086,994,P00533
1086,1101,P00533
1086,982,P00533
1087,990,P00533
1087,1103,P00533
1087,1075,P00533
1087,1060,P00533
1087,1114,P00533
1087,1097,P00533
1087,1033,P00533
1087,1064,P00533
1087,1100,P00533
1087,1058,P00533
1087,1119,P00533
1087,1004,P00533
1087,1024,P00533
1087,1063,P00533
1087,994,P00533
1087,1101,P00533
1087,982,P00533
1088,990,P00533
1088,1103,P00533
1088,1075,P00533
1088,1060,P00533
1088,1114,P00533
1088,1097,P00533
1088,1033,P00533
1088,1064,P00533
1088,1100,P00533
1088,1058,P00533
1088,1119,P00533
1088,1004,P00533
1088,1024,P00533
1088,1063,P00533
1088,994,P00533
1088,1101,P00533
1088,982,P00533
1089,990,P00533
1089,1103,P00533
1089,1075,P00533
1089,1060,P00533
1089,1114,P00533
1089,1097,P00533
1089,1033,P00533
1089,1064,P00533
1089,1100,P00533
1089,1058,P00533
1089,1119,P00533
1089,1004,P00533
1089,1024,P00533
1089,1063,P00533
1089,994,P00533
1089,1101,P00533
1089,982,P00533
1090,990,P00533
1090,1103,P00533
1090,1075,P00533
1090,1060,P00533
1090,1114,P00533
1090,1097,P00533
1090,1033,P00533
1090,1064,P00533
1090,1100,P00533
1090,1058,P00533
1090,1119,P00533
1090,1004,P00533
1090,1024,P00533
1090,1063,P00533
1090,994,P00533
1090,1101,P00533
1090,982,P00533
1091,990,P00533
1091,1103,P00533
1091,1075,P00533
1091,1060,P00533
1091,1114,P00533
1091,1097,P00533
1091,1033,P00533
1091,1064,P00533
1091,1100,P00533
1091,1058,P00533
1091,1119,P00533
1091,1004,P00533
1091,1024,P00533
1091,1063,P00533
1091,994,P00533
1091,1101,P00533
1091,982,P00533
1092,990,P00533
1092,1103,P00533
1092,1075,P00533
1092,1060,P00533
1092,1114,P00533
1092,1097,P00533
1092,1033,P00533
1092,1064,P00533
1092,1100,P00533
1092,1058,P00533
1092,1119,P00533
1092,1004,P00533
1092,1024,P00533
1092,1063,P00533
1092,994,P00533
1092,1101,P00533
1092,982,P00533
1093,990,P00533
1093,1103,P00533
1093,1075,P00533
1093,1060,P00533
1093,1114,P00533
1093,1097,P00533
1093,1033,P00533
1093,1064,P00533
1093,1100,P00533
1093,1058,P00533
1093,1119,P00533
1093,1004,P00533
1093,1024,P00533
1093,1063,P00533
1093,994,P00533
1093,1101,P00533
1093,982,P00533
1094,990,P00533
1094,1103,P00533
1094,1075,P00533
1094,1060,P00533
1094,1114,P00533
1094,1097,P00533
1094,1033,P00533
1094,1064,P00533
1094,1100,P00533
1094,1058,P00533
1094,1119,P00533
1094,1004,P00533
1094,1024,P00533
1094,1063,P00533
1094,994,P00533
1094,1101,P00533
1094,982,P00533
1095,990,P00533
1095,1103,P00533
1095,1075,P00533
1095,1060,P00533
1095,1114,P00533
1095,1097,P00533
1095,1033,P00533
1095,1064,P00533
1095,1100,P00533
1095,1058,P00533
1095,1119,P00533
1095,1004,P00533
1095,1024,P00533
1095,1063,P00533
1095,994,P00533
1095,1101,P00533
1095,982,P00533
1096,990,P00533
1096,1103,P00533
1096,1075,P00533
1096,1060,P00533
1096,1114,P00533
1096,1097,P00533
1096,1033,P00533
1096,1064,P00533
1096,1100,P00533
1096,1058,P00533
1096,1119,P00533
1096,1004,P00533
1096,1024,P00533
1096,1063,P00533
1096,994,P00533
1096,1101,P00533
1096,982,P00533
1098,990,P00533
1098,1103,P00533
1098,1075,P00533
1098,1060,P00533
1098,1114,P00533
1098,1097,P00533
1098,1033,P00533
1098,1064,P00533
1098,1100,P00533
1098,1058,P00533
1098,1119,P00533
1098,1004,P00533
1098,1024,P00533
1098,1063,P00533
1098,994,P00533
1098,1101,P00533
1098,982,P00533
1099,990,P00533
1099,1103,P00533
1099,1075,P00533
1099,1060,P00533
1099,1114,P00533
1099,1097,P00533
1099,1033,P00533
1099,1064,P00533
1099,1100,P00533
1099,1058,P00533
1099,1119,P00533
1099,1004,P00533
1099,1024,P00533
1099,1063,P00533
1099,994,P00533
1099,1101,P00533
1099,982,P00533
1102,990,P00533
1102,1103,P00533
1102,1075,P00533
1102,1060,P00533
1102,1114,P00533
1102,1097,P00533
1102,1033,P00533
1102,1064,P00533
1102,1100,P00533
1102,1058,P00533
1102,1119,P00533
1102,1004,P00533
1102,1024,P00533
1102,1063,P00533
1102,994,P00533
1102,1101,P00533
1102,982,P00533
1104,990,P00533
1104,1103,P00533
1104,1075,P00533
1104,1060,P00533
1104,1114,P00533
1104,1097,P00533
1104,1033,P00533
1104,1064,P00533
1104,1100,P00533
1104,1058,P00533
1104,1119,P00533
1104,1004,P00533
1104,1024,P00533
1104,1063,P00533
1104,994,P00533
1104,1101,P00533
1104,982,P00533
1105,990,P00533
1105,1103,P00533
1105,1075,P00533
1105,1060,P00533
1105,1114,P00533
1105,1097,P00533
1105,1033,P00533
1105,1064,P00533
1105,1100,P00533
1105,1058,P00533
1105,1119,P00533
1105,1004,P00533
1105,1024,P00533
1105,1063,P00533
1105,994,P00533
1105,1101,P00533
1105,982,P00533
1106,990,P00533
1106,1103,P00533
1106,1075,P00533
1106,1060,P00533
1106,1114,P00533
1106,1097,P00533
1106,1033,P00533
1106,1064,P00533
1106,1100,P00533
1106,1058,P00533
1106,1119,P00533
1106,1004,P00533
1106,1024,P00533
1106,1063,P00533
1106,994,P00533
1106,1101,P00533
1106,982,P00533
1107,990,P00533
1107,1103,P00533
1107,1075,P00533
1107,1060,P00533
1107,1114,P00533
1107,1097,P00533
1107,1033,P00533
1107,1064,P00533
1107,1100,P00533
1107,1058,P00533
1107,1119,P00533
1107,1004,P00533
1107,1024,P00533
1107,1063,P00533
1107,994,P00533
1107,1101,P00533
1107,982,P00533
1108,990,P00533
1108,1103,P00533
1108,1075,P00533
1108,1060,P00533
1108,1114,P00533
1108,1097,P00533
1108,1033,P00533
1108,1064,P00533
1108,1100,P00533
1108,1058,P00533
1108,1119,P00533
1108,1004,P00533
1108,1024,P00533
1108,1063,P00533
1108,994,P00533
1108,1101,P00533
1108,982,P00533
1109,990,P00533
1109,1103,P00533
1109,1075,P00533
1109,1060,P00533
1109,1114,P00533
1109,1097,P00533
1109,1033,P00533
1109,1064,P00533
1109,1100,P00533
1109,1058,P00533
1109,1119,P00533
1109,1004,P00533
1109,1024,P00533
1109,1063,P00533
1109,994,P00533
1109,1101,P00533
1109,982,P00533
1110,990,P00533
1110,1103,P00533
1110,1075,P00533
1110,1060,P00533
1110,1114,P00533
1110,1097,P00533
1110,1033,P00533
1110,1064,P00533
1110,1100,P00533
1110,1058,P00533
1110,1119,P00533
1110,1004,P00533
1110,1024,P00533
1110,1063,P00533
1110,994,P00533
1110,1101,P00533
1110,982,P00533
1111,990,P00533
1111,1103,P00533
1111,1075,P00533
1111,1060,P00533
1111,1114,P00533
1111,1097,P00533
1111,1033,P00533
1111,1064,P00533
1111,1100,P00533
1111,1058,P00533
1111,1119,P00533
1111,1004,P00533
1111,1024,P00533
1111,1063,P00533
1111,994,P00533
1111,1101,P00533
1111,982,P00533
1112,990,P00533
1112,1103,P00533
1112,1075,P00533
1112,1060,P00533
1112,1114,P00533
1112,1097,P00533
1112,1033,P00533
1112,1064,P00533
1112,1100,P00533
1112,1058,P00533
1112,1119,P00533
1112,1004,P00533
1112,1024,P00533
1112,1063,P00533
1112,994,P00533
1112,1101,P00533
1112,982,P00533
1113,990,P00533
1113,1103,P00533
1113,1075,P00533
1113,1060,P00533
1113,1114,P00533
1113,1097,P00533
1113,1033,P00533
1113,1064,P00533
1113,1100,P00533
1113,1058,P00533
1113,1119,P00533
1113,1004,P00533
1113,1024,P00533
1113,1063,P00533
1113,994,P00533
1113,1101,P00533
1113,982,P00533
1115,990,P00533
1115,1103,P00533
1115,1075,P00533
1115,1060,P00533
1115,1114,P00533
1115,1097,P00533
1115,1033,P00533
1115,1064,P00533
1115,1100,P00533
1115,1058,P00533
1115,1119,P00533
1115,1004,P00533
1115,1024,P00533
1115,1063,P00533
1115,994,P00533
1115,1101,P00533
1115,982,P00533
1116,990,P00533
1116,1103,P00533
1116,1075,P00533
1116,1060,P00533
1116,1114,P00533
1116,1097,P00533
1116,1033,P00533
1116,1064,P00533
1116,1100,P00533
1116,1058,P00533
1116,1119,P00533
1116,1004,P00533
1116,1024,P00533
1116,1063,P00533
1116,994,P00533
1116,1101,P00533
1116,982,P00533
1117,990,P00533
1117,1103,P00533
1117,1075,P00533
1117,1060,P00533
1117,1114,P00533
1117,1097,P00533
1117,1033,P00533
1117,1064,P00533
1117,1100,P00533
1117,1058,P00533
1117,1119,P00533
1117,1004,P00533
1117,1024,P00533
1117,1063,P00533
1117,994,P00533
1117,1101,P00533
1117,982,P00533
1118,990,P00533
1118,1103,P00533
1118,1075,P00533
1118,1060,P00533
1118,1114,P00533
1118,1097,P00533
1118,1033,P00533
1118,1064,P00533
1118,1100,P00533
1118,1058,P00533
1118,1119,P00533
1118,1004,P00533
1118,1024,P00533
1118,1063,P00533
1118,994,P00533
1118,1101,P00533
1118,982,P00533
3158,990,P00533
3158,1103,P00533
3158,1075,P00533
3158,1060,P00533
3158,1114,P00533
3158,1097,P00533
3158,1033,P00533
3158,1064,P00533
3158,1100,P00533
3158,1058,P00533
3158,1119,P00533
3158,1004,P00533
3158,1024,P00533
3158,1063,P00533
3158,994,P00533
3158,1101,P00533
3158,982,P00533
99,990,P00533
99,1103,P00533
99,1075,P00533
99,1060,P00533
99,1114,P00533
99,1097,P00533
99,1033,P00533
99,1064,P00533
99,1100,P00533
99,1058,P00533
99,1119,P00533
99,1004,P00533
99,1024,P00533
99,1063,P00533
99,994,P00533
99,1101,P00533
99,982,P00533
100,990,P00533
100,1103,P00533
100,1075,P00533
100,1060,P00533
100,1114,P00533
100,1097,P00533
100,1033,P00533
100,1064,P00533
100,1100,P00533
100,1058,P00533
100,1119,P00533
100,1004,P00533
100,1024,P00533
100,1063,P00533
100,994,P00533
100,1101,P00533
100,982,P00533
101,990,P00533
101,1103,P00533
101,1075,P00533
101,1060,P00533
101,1114,P00533
101,1097,P00533
101,1033,P00533
101,1064,P00533
101,1100,P00533
101,1058,P00533
101,1119,P00533
101,1004,P00533
101,1024,P00533
101,1063,P00533
101,994,P00533
101,1101,P00533
101,982,P00533
3168,990,P00533
3168,1103,P00533
3168,1075,P00533
3168,1060,P00533
3168,1114,P00533
3168,1097,P00533
3168,1033,P00533
3168,1064,P00533
3168,1100,P00533
3168,1058,P00533
3168,1119,P00533
3168,1004,P00533
3168,1024,P00533
3168,1063,P00533
3168,994,P00533
3168,1101,P00533
3168,982,P00533
3159,990,P00533
3159,1103,P00533
3159,1075,P00533
3159,1060,P00533
3159,1114,P00533
3159,1097,P00533
3159,1033,P00533
3159,1064,P00533
3159,1100,P00533
3159,1058,P00533
3159,1119,P00533
3159,1004,P00533
3159,1024,P00533
3159,1063,P00533
3159,994,P00533
3159,1101,P00533
3159,982,P00533
3160,990,P00533
3160,1103,P00533
3160,1075,P00533
3160,1060,P00533
3160,1114,P00533
3160,1097,P00533
3160,1033,P00533
3160,1064,P00533
3160,1100,P00533
3160,1058,P00533
3160,1119,P00533
3160,1004,P00533
3160,1024,P00533
3160,1063,P00533
3160,994,P00533
3160,1101,P00533
3160,982,P00533
3161,990,P00533
3161,1103,P00533
3161,1075,P00533
3161,1060,P00533
3161,1114,P00533
3161,1097,P00533
3161,1033,P00533
3161,1064,P00533
3161,1100,P00533
3161,1058,P00533
3161,1119,P00533
3161,1004,P00533
3161,1024,P00533
3161,1063,P00533
3161,994,P00533
3161,1101,P00533
3161,982,P00533
3258,990,P00533
3258,1103,P00533
3258,1075,P00533
3258,1060,P00533
3258,1114,P00533
3258,1097,P00533
3258,1033,P00533
3258,1064,P00533
3258,1100,P00533
3258,1058,P00533
3258,1119,P00533
3258,1004,P00533
3258,1024,P00533
3258,1063,P00533
3258,994,P00533
3258,1101,P00533
3258,982,P00533
3156,990,P00533
3156,1103,P00533
3156,1075,P00533
3156,1060,P00533
3156,1114,P00533
3156,1097,P00533
3156,1033,P00533
3156,1064,P00533
3156,1100,P00533
3156,1058,P00533
3156,1119,P00533
3156,1004,P00533
3156,1024,P00533
3156,1063,P00533
3156,994,P00533
3156,1101,P00533
3156,982,P00533
3157,990,P00533
3157,1103,P00533
3157,1075,P00533
3157,1060,P00533
3157,1114,P00533
3157,1097,P00533
3157,1033,P00533
3157,1064,P00533
3157,1100,P00533
3157,1058,P00533
3157,1119,P00533
3157,1004,P00533
3157,1024,P00533
3157,1063,P00533
3157,994,P00533
3157,1101,P00533
3157,982,P00533
3155,990,P00533
3155,1103,P00533
3155,1075,P00533
3155,1060,P00533
3155,1114,P00533
3155,1097,P00533
3155,1033,P00533
3155,1064,P00533
3155,1100,P00533
3155,1058,P00533
3155,1119,P00533
3155,1004,P00533
3155,1024,P00533
3155,1063,P00533
3155,994,P00533
3155,1101,P00533
3155,982,P00533
358,990,P00533
358,1103,P00533
358,1075,P00533
358,1060,P00533
358,1114,P00533
358,1097,P00533
358,1033,P00533
358,1064,P00533
358,1100,P00533
358,1058,P00533
358,1119,P00533
358,1004,P00533
358,1024,P00533
358,1063,P00533
358,994,P00533
358,1101,P00533
358,982,P00533
359,990,P00533
359,1103,P00533
359,1075,P00533
359,1060,P00533
359,1114,P00533
359,1097,P00533
359,1033,P00533
359,1064,P00533
359,1100,P00533
359,1058,P00533
359,1119,P00533
359,1004,P00533
359,1024,P00533
359,1063,P00533
359,994,P00533
359,1101,P00533
359,982,P00533
360,990,P00533
360,1103,P00533
360,1075,P00533
360,1060,P00533
360,1114,P00533
360,1097,P00533
360,1033,P00533
360,1064,P00533
360,1100,P00533
360,1058,P00533
360,1119,P00533
360,1004,P00533
360,1024,P00533
360,1063,P00533
360,994,P00533
360,1101,P00533
360,982,P00533
361,990,P00533
361,1103,P00533
361,1075,P00533
361,1060,P00533
361,1114,P00533
361,1097,P00533
361,1033,P00533
361,1064,P00533
361,1100,P00533
361,1058,P00533
361,1119,P00533
361,1004,P00533
361,1024,P00533
361,1063,P00533
361,994,P00533
361,1101,P00533
361,982,P00533
362,990,P00533
362,1103,P00533
362,1075,P00533
362,1060,P00533
362,1114,P00533
362,1097,P00533
362,1033,P00533
362,1064,P00533
362,1100,P00533
362,1058,P00533
362,1119,P00533
362,1004,P00533
362,1024,P00533
362,1063,P00533
362,994,P00533
362,1101,P00533
362,982,P00533
363,990,P00533
363,1103,P00533
363,1075,P00533
363,1060,P00533
363,1114,P00533
363,1097,P00533
363,1033,P00533
363,1064,P00533
363,1100,P00533
363,1058,P00533
363,1119,P00533
363,1004,P00533
363,1024,P00533
363,1063,P00533
363,994,P00533
363,1101,P00533
363,982,P00533
364,990,P00533
364,1103,P00533
364,1075,P00533
364,1060,P00533
364,1114,P00533
364,1097,P00533
364,1033,P00533
364,1064,P00533
364,1100,P00533
364,1058,P00533
364,1119,P00533
364,1004,P00533
364,1024,P00533
364,1063,P00533
364,994,P00533
364,1101,P00533
364,982,P00533
365,990,P00533
365,1103,P00533
365,1075,P00533
365,1060,P00533
365,1114,P00533
365,1097,P00533
365,1033,P00533
365,1064,P00533
365,1100,P00533
365,1058,P00533
365,1119,P00533
365,1004,P00533
365,1024,P00533
365,1063,P00533
365,994,P00533
365,1101,P00533
365,982,P00533
366,990,P00533
366,1103,P00533
366,1075,P00533
366,1060,P00533
366,1114,P00533
366,1097,P00533
366,1033,P00533
366,1064,P00533
366,1100,P00533
366,1058,P00533
366,1119,P00533
366,1004,P00533
366,1024,P00533
366,1063,P00533
366,994,P00533
366,1101,P00533
366,982,P00533
367,990,P00533
367,1103,P00533
367,1075,P00533
367,1060,P00533
367,1114,P00533
367,1097,P00533
367,1033,P00533
367,1064,P00533
367,1100,P00533
367,1058,P00533
367,1119,P00533
367,1004,P00533
367,1024,P00533
367,1063,P00533
367,994,P00533
367,1101,P00533
367,982,P00533
3504,990,P00533
3504,1103,P00533
3504,1075,P00533
3504,1060,P00533
3504,1114,P00533
3504,1097,P00533
3504,1033,P00533
3504,1064,P00533
3504,1100,P00533
3504,1058,P00533
3504,1119,P00533
3504,1004,P00533
3504,1024,P00533
3504,1063,P00533
3504,994,P00533
3504,1101,P00533
3504,982,P00533
975,990,P00533
975,1103,P00533
975,1075,P00533
975,1060,P00533
975,1114,P00533
975,1097,P00533
975,1033,P00533
975,1064,P00533
975,1100,P00533
975,1058,P00533
975,1119,P00533
975,1004,P00533
975,1024,P00533
975,1063,P00533
975,994,P00533
975,1101,P00533
975,982,P00533
976,990,P00533
976,1103,P00533
976,1075,P00533
976,1060,P00533
976,1114,P00533
976,1097,P00533
976,1033,P00533
976,1064,P00533
976,1100,P00533
976,1058,P00533
976,1119,P00533
976,1004,P00533
976,1024,P00533
976,1063,P00533
976,994,P00533
976,1101,P00533
976,982,P00533
977,990,P00533
977,1103,P00533
977,1075,P00533
977,1060,P00533
977,1114,P00533
977,1097,P00533
977,1033,P00533
977,1064,P00533
977,1100,P00533
977,1058,P00533
977,1119,P00533
977,1004,P00533
977,1024,P00533
977,1063,P00533
977,994,P00533
977,1101,P00533
977,982,P00533
978,990,P00533
978,1103,P00533
978,1075,P00533
978,1060,P00533
978,1114,P00533
978,1097,P00533
978,1033,P00533
978,1064,P00533
978,1100,P00533
978,1058,P00533
978,1119,P00533
978,1004,P00533
978,1024,P00533
978,1063,P00533
978,994,P00533
978,1101,P00533
978,982,P00533
979,990,P00533
979,1103,P00533
979,1075,P00533
979,1060,P00533
979,1114,P00533
979,1097,P00533
979,1033,P00533
979,1064,P00533
979,1100,P00533
979,1058,P00533
979,1119,P00533
979,1004,P00533
979,1024,P00533
979,1063,P00533
979,994,P00533
979,1101,P00533
979,982,P00533
980,990,P00533
980,1103,P00533
980,1075,P00533
980,1060,P00533
980,1114,P00533
980,1097,P00533
980,1033,P00533
980,1064,P00533
980,1100,P00533
980,1058,P00533
980,1119,P00533
980,1004,P00533
980,1024,P00533
980,1063,P00533
980,994,P00533
980,1101,P00533
980,982,P00533
981,990,P00533
981,1103,P00533
981,1075,P00533
981,1060,P00533
981,1114,P00533
981,1097,P00533
981,1033,P00533
981,1064,P00533
981,1100,P00533
981,1058,P00533
981,1119,P00533
981,1004,P00533
981,1024,P00533
981,1063,P00533
981,994,P00533
981,1101,P00533
981,982,P00533
983,990,P00533
983,1103,P00533
983,1075,P00533
983,1060,P00533
983,1114,P00533
983,1097,P00533
983,1033,P00533
983,1064,P00533
983,1100,P00533
983,1058,P00533
983,1119,P00533
983,1004,P00533
983,1024,P00533
983,1063,P00533
983,994,P00533
983,1101,P00533
983,982,P00533
984,990,P00533
984,1103,P00533
984,1075,P00533
984,1060,P00533
984,1114,P00533
984,1097,P00533
984,1033,P00533
984,1064,P00533
984,1100,P00533
984,1058,P00533
984,1119,P00533
984,1004,P00533
984,1024,P00533
984,1063,P00533
984,994,P00533
984,1101,P00533
984,982,P00533
985,990,P00533
985,1103,P00533
985,1075,P00533
985,1060,P00533
985,1114,P00533
985,1097,P00533
985,1033,P00533
985,1064,P00533
985,1100,P00533
985,1058,P00533
985,1119,P00533
985,1004,P00533
985,1024,P00533
985,1063,P00533
985,994,P00533
985,1101,P00533
985,982,P00533
986,990,P00533
986,1103,P00533
986,1075,P00533
986,1060,P00533
986,1114,P00533
986,1097,P00533
986,1033,P00533
986,1064,P00533
986,1100,P00533
986,1058,P00533
986,1119,P00533
986,1004,P00533
986,1024,P00533
986,1063,P00533
986,994,P00533
986,1101,P00533
986,982,P00533
987,990,P00533
987,1103,P00533
987,1075,P00533
987,1060,P00533
987,1114,P00533
987,1097,P00533
987,1033,P00533
987,1064,P00533
987,1100,P00533
987,1058,P00533
987,1119,P00533
987,1004,P00533
987,1024,P00533
987,1063,P00533
987,994,P00533
987,1101,P00533
987,982,P00533
988,990,P00533
988,1103,P00533
988,1075,P00533
988,1060,P00533
988,1114,P00533
988,1097,P00533
988,1033,P00533
988,1064,P00533
988,1100,P00533
988,1058,P00533
988,1119,P00533
988,1004,P00533
988,1024,P00533
988,1063,P00533
988,994,P00533
988,1101,P00533
988,982,P00533
989,990,P00533
989,1103,P00533
989,1075,P00533
989,1060,P00533
989,1114,P00533
989,1097,P00533
989,1033,P00533
989,1064,P00533
989,1100,P00533
989,1058,P00533
989,1119,P00533
989,1004,P00533
989,1024,P00533
989,1063,P00533
989,994,P00533
989,1101,P00533
989,982,P00533
991,990,P00533
991,1103,P00533
991,1075,P00533
991,1060,P00533
991,1114,P00533
991,1097,P00533
991,1033,P00533
991,1064,P00533
991,1100,P00533
991,1058,P00533
991,1119,P00533
991,1004,P00533
991,1024,P00533
991,1063,P00533
991,994,P00533
991,1101,P00533
991,982,P00533
992,990,P00533
992,1103,P00533
992,1075,P00533
992,1060,P00533
992,1114,P00533
992,1097,P00533
992,1033,P00533
992,1064,P00533
992,1100,P00533
992,1058,P00533
992,1119,P00533
992,1004,P00533
992,1024,P00533
992,1063,P00533
992,994,P00533
992,1101,P00533
992,982,P00533
993,990,P00533
993,1103,P00533
993,1075,P00533
993,1060,P00533
993,1114,P00533
993,1097,P00533
993,1033,P00533
993,1064,P00533
993,1100,P00533
993,1058,P00533
993,1119,P00533
993,1004,P00533
993,1024,P00533
993,1063,P00533
993,994,P00533
993,1101,P00533
993,982,P00533
995,990,P00533
995,1103,P00533
995,1075,P00533
995,1060,P00533
995,1114,P00533
995,1097,P00533
995,1033,P00533
995,1064,P00533
995,1100,P00533
995,1058,P00533
995,1119,P00533
995,1004,P00533
995,1024,P00533
995,1063,P00533
995,994,P00533
995,1101,P00533
995,982,P00533
996,990,P00533
996,1103,P00533
996,1075,P00533
996,1060,P00533
996,1114,P00533
996,1097,P00533
996,1033,P00533
996,1064,P00533
996,1100,P00533
996,1058,P00533
996,1119,P00533
996,1004,P00533
996,1024,P00533
996,1063,P00533
996,994,P00533
996,1101,P00533
996,982,P00533
997,990,P00533
997,1103,P00533
997,1075,P00533
997,1060,P00533
997,1114,P00533
997,1097,P00533
997,1033,P00533
997,1064,P00533
997,1100,P00533
997,1058,P00533
997,1119,P00533
997,1004,P00533
997,1024,P00533
997,1063,P00533
997,994,P00533
997,1101,P00533
997,982,P00533
998,990,P00533
998,1103,P00533
998,1075,P00533
998,1060,P00533
998,1114,P00533
998,1097,P00533
998,1033,P00533
998,1064,P00533
998,1100,P00533
998,1058,P00533
998,1119,P00533
998,1004,P00533
998,1024,P00533
998,1063,P00533
998,994,P00533
998,1101,P00533
998,982,P00533
999,990,P00533
999,1103,P00533
999,1075,P00533
999,1060,P00533
999,1114,P00533
999,1097,P00533
999,1033,P00533
999,1064,P00533
999,1100,P00533
999,1058,P00533
999,1119,P00533
999,1004,P00533
999,1024,P00533
999,1063,P00533
999,994,P00533
999,1101,P00533
999,982,P00533
1000,990,P00533
1000,1103,P00533
1000,1075,P00533
1000,1060,P00533
1000,1114,P00533
1000,1097,P00533
1000,1033,P00533
1000,1064,P00533
1000,1100,P00533
1000,1058,P00533
1000,1119,P00533
1000,1004,P00533
1000,1024,P00533
1000,1063,P00533
1000,994,P00533
1000,1101,P00533
1000,982,P00533
1001,990,P00533
1001,1103,P00533
1001,1075,P00533
1001,1060,P00533
1001,1114,P00533
1001,1097,P00533
1001,1033,P00533
1001,1064,P00533
1001,1100,P00533
1001,1058,P00533
1001,1119,P00533
1001,1004,P00533
1001,1024,P00533
1001,1063,P00533
1001,994,P00533
1001,1101,P00533
1001,982,P00533
1002,990,P00533
1002,1103,P00533
1002,1075,P00533
1002,1060,P00533
1002,1114,P00533
1002,1097,P00533
1002,1033,P00533
1002,1064,P00533
1002,1100,P00533
1002,1058,P00533
1002,1119,P00533
1002,1004,P00533
1002,1024,P00533
1002,1063,P00533
1002,994,P00533
1002,1101,P00533
1002,982,P00533
1003,990,P00533
1003,1103,P00533
1003,1075,P00533
1003,1060,P00533
1003,1114,P00533
1003,1097,P00533
1003,1033,P00533
1003,1064,P00533
1003,1100,P00533
1003,1058,P00533
1003,1119,P00533
1003,1004,P00533
1003,1024,P00533
1003,1063,P00533
1003,994,P00533
1003,1101,P00533
1003,982,P00533
1005,990,P00533
1005,1103,P00533
1005,1075,P00533
1005,1060,P00533
1005,1114,P00533
1005,1097,P00533
1005,1033,P00533
1005,1064,P00533
1005,1100,P00533
1005,1058,P00533
1005,1119,P00533
1005,1004,P00533
1005,1024,P00533
1005,1063,P00533
1005,994,P00533
1005,1101,P00533
1005,982,P00533
1006,990,P00533
1006,1103,P00533
1006,1075,P00533
1006,1060,P00533
1006,1114,P00533
1006,1097,P00533
1006,1033,P00533
1006,1064,P00533
1006,1100,P00533
1006,1058,P00533
1006,1119,P00533
1006,1004,P00533
1006,1024,P00533
1006,1063,P00533
1006,994,P00533
1006,1101,P00533
1006,982,P00533
1007,990,P00533
1007,1103,P00533
1007,1075,P00533
1007,1060,P00533
1007,1114,P00533
1007,1097,P00533
1007,1033,P00533
1007,1064,P00533
1007,1100,P00533
1007,1058,P00533
1007,1119,P00533
1007,1004,P00533
1007,1024,P00533
1007,1063,P00533
1007,994,P00533
1007,1101,P00533
1007,982,P00533
1008,990,P00533
1008,1103,P00533
1008,1075,P00533
1008,1060,P00533
1008,1114,P00533
1008,1097,P00533
1008,1033,P00533
1008,1064,P00533
1008,1100,P00533
1008,1058,P00533
1008,1119,P00533
1008,1004,P00533
1008,1024,P00533
1008,1063,P00533
1008,994,P00533
1008,1101,P00533
1008,982,P00533
1009,990,P00533
1009,1103,P00533
1009,1075,P00533
1009,1060,P00533
1009,1114,P00533
1009,1097,P00533
1009,1033,P00533
1009,1064,P00533
1009,1100,P00533
1009,1058,P00533
1009,1119,P00533
1009,1004,P00533
1009,1024,P00533
1009,1063,P00533
1009,994,P00533
1009,1101,P00533
1009,982,P00533
1010,990,P00533
1010,1103,P00533
1010,1075,P00533
1010,1060,P00533
1010,1114,P00533
1010,1097,P00533
1010,1033,P00533
1010,1064,P00533
1010,1100,P00533
1010,1058,P00533
1010,1119,P00533
1010,1004,P00533
1010,1024,P00533
1010,1063,P00533
1010,994,P00533
1010,1101,P00533
1010,982,P00533
1011,990,P00533
1011,1103,P00533
1011,1075,P00533
1011,1060,P00533
1011,1114,P00533
1011,1097,P00533
1011,1033,P00533
1011,1064,P00533
1011,1100,P00533
1011,1058,P00533
1011,1119,P00533
1011,1004,P00533
1011,1024,P00533
1011,1063,P00533
1011,994,P00533
1011,1101,P00533
1011,982,P00533
1012,990,P00533
1012,1103,P00533
1012,1075,P00533
1012,1060,P00533
1012,1114,P00533
1012,1097,P00533
1012,1033,P00533
1012,1064,P00533
1012,1100,P00533
1012,1058,P00533
1012,1119,P00533
1012,1004,P00533
1012,1024,P00533
1012,1063,P00533
1012,994,P00533
1012,1101,P00533
1012,982,P00533
1013,990,P00533
1013,1103,P00533
1013,1075,P00533
1013,1060,P00533
1013,1114,P00533
1013,1097,P00533
1013,1033,P00533
1013,1064,P00533
1013,1100,P00533
1013,1058,P00533
1013,1119,P00533
1013,1004,P00533
1013,1024,P00533
1013,1063,P00533
1013,994,P00533
1013,1101,P00533
1013,982,P00533
1014,990,P00533
1014,1103,P00533
1014,1075,P00533
1014,1060,P00533
1014,1114,P00533
1014,1097,P00533
1014,1033,P00533
1014,1064,P00533
1014,1100,P00533
1014,1058,P00533
1014,1119,P00533
1014,1004,P00533
1014,1024,P00533
1014,1063,P00533
1014,994,P00533
1014,1101,P00533
1014,982,P00533
1015,990,P00533
1015,1103,P00533
1015,1075,P00533
1015,1060,P00533
1015,1114,P00533
1015,1097,P00533
1015,1033,P00533
1015,1064,P00533
1015,1100,P00533
1015,1058,P00533
1015,1119,P00533
1015,1004,P00533
1015,1024,P00533
1015,1063,P00533
1015,994,P00533
1015,1101,P00533
1015,982,P00533
1016,990,P00533
1016,1103,P00533
1016,1075,P00533
1016,1060,P00533
1016,1114,P00533
1016,1097,P00533
1016,1033,P00533
1016,1064,P00533
1016,1100,P00533
1016,1058,P00533
1016,1119,P00533
1016,1004,P00533
1016,1024,P00533
1016,1063,P00533
1016,994,P00533
1016,1101,P00533
1016,982,P00533
1017,990,P00533
1017,1103,P00533
1017,1075,P00533
1017,1060,P00533
1017,1114,P00533
1017,1097,P00533
1017,1033,P00533
1017,1064,P00533
1017,1100,P00533
1017,1058,P00533
1017,1119,P00533
1017,1004,P00533
1017,1024,P00533
1017,1063,P00533
1017,994,P00533
1017,1101,P00533
1017,982,P00533
1018,990,P00533
1018,1103,P00533
1018,1075,P00533
1018,1060,P00533
1018,1114,P00533
1018,1097,P00533
1018,1033,P00533
1018,1064,P00533
1018,1100,P00533
1018,1058,P00533
1018,1119,P00533
1018,1004,P00533
1018,1024,P00533
1018,1063,P00533
1018,994,P00533
1018,1101,P00533
1018,982,P00533
1019,990,P00533
1019,1103,P00533
1019,1075,P00533
1019,1060,P00533
1019,1114,P00533
1019,1097,P00533
1019,1033,P00533
1019,1064,P00533
1019,1100,P00533
1019,1058,P00533
1019,1119,P00533
1019,1004,P00533
1019,1024,P00533
1019,1063,P00533
1019,994,P00533
1019,1101,P00533
1019,982,P00533
1020,990,P00533
1020,1103,P00533
1020,1075,P00533
1020,1060,P00533
1020,1114,P00533
1020,1097,P00533
1020,1033,P00533
1020,1064,P00533
1020,1100,P00533
1020,1058,P00533
1020,1119,P00533
1020,1004,P00533
1020,1024,P00533
1020,1063,P00533
1020,994,P00533
1020,1101,P00533
1020,982,P00533
1021,990,P00533
1021,1103,P00533
1021,1075,P00533
1021,1060,P00533
1021,1114,P00533
1021,1097,P00533
1021,1033,P00533
1021,1064,P00533
1021,1100,P00533
1021,1058,P00533
1021,1119,P00533
1021,1004,P00533
1021,1024,P00533
1021,1063,P00533
1021,994,P00533
1021,1101,P00533
1021,982,P00533
1022,990,P00533
1022,1103,P00533
1022,1075,P00533
1022,1060,P00533
1022,1114,P00533
1022,1097,P00533
1022,1033,P00533
1022,1064,P00533
1022,1100,P00533
1022,1058,P00533
1022,1119,P00533
1022,1004,P00533
1022,1024,P00533
1022,1063,P00533
1022,994,P00533
1022,1101,P00533
1022,982,P00533
1023,990,P00533
1023,1103,P00533
1023,1075,P00533
1023,1060,P00533
1023,1114,P00533
1023,1097,P00533
1023,1033,P00533
1023,1064,P00533
1023,1100,P00533
1023,1058,P00533
1023,1119,P00533
1023,1004,P00533
1023,1024,P00533
1023,1063,P00533
1023,994,P00533
1023,1101,P00533
1023,982,P00533
