node_id,element,label,x,y,z
P_0,protein,N,-61.702,-75.908,67.234
P_1,protein,C,-61.527,-77.901,65.708
P_10,protein,CD,-52.734,-71.342,68.812
P_11,protein,CE,-53.878,-70.412,68.357
P_12,protein,N,-51.359,-74.686,71.524
P_13,protein,CA,-50.876,-76.018,71.811
P_14,protein,C,-50.751,-76.757,70.534
P_15,protein,O,-51.687,-76.81,69.751
P_16,protein,N,-49.595,-77.338,70.309
P_17,protein,CA,-49.388,-78.084,69.092
P_18,protein,CB,-48.471,-77.287,68.17
P_19,protein,CG,-47.55,-77.99,67.199
P_2,protein,O,-60.438,-77.632,65.206
P_20,protein,CD1,-48.296,-79.069,66.433
P_21,protein,CD2,-46.969,-76.983,66.244
P_22,protein,C,-48.925,-70.357,66.008
P_23,protein,CG,-50.633,-70.318,63.402
P_24,protein,CD2,-51.642,-71.216,63.47
P_25,protein,ND1,-49.901,-70.65,62.286
P_26,protein,CE1,-50.444,-71.699,61.695
P_27,protein,NE2,-51.502,-72.063,62.396
P_28,protein,N,-49.054,-71.672,65.861
P_29,protein,CA,-47.896,-72.55,65.846
P_3,protein,CG1,-59.245,-80.616,66.684
P_30,protein,C,-48.081,-73.61,64.775
P_31,protein,O,-49.201,-73.964,64.448
P_32,protein,CB,-47.686,-73.182,67.209
P_33,protein,CA,-46.992,-75.209,63.278
P_34,protein,CB,-47.434,-74.707,61.919
P_35,protein,CG,-46.498,-73.697,61.329
P_36,protein,CD2,-45.457,-74.097,60.49
P_37,protein,O,-45.097,-78.185,60.395
P_38,protein,C,-52.428,-68.591,59.384
P_39,protein,O,-52.85,-69.337,60.266
P_4,protein,CD1,-59.175,-79.483,67.642
P_40,protein,N,-52.25,-68.96,58.12
P_41,protein,CA,-52.361,-70.341,57.66
P_42,protein,C,-51.07,-70.69,56.918
P_43,protein,O,-50.359,-69.793,56.433
P_44,protein,CB,-53.599,-70.532,56.755
P_45,protein,CG,-53.911,-71.983,56.395
P_46,protein,CD1,-54.658,-72.792,57.263
P_47,protein,CD2,-53.452,-72.547,55.188
P_48,protein,CE1,-54.953,-74.152,56.956
P_49,protein,CE2,-53.741,-73.892,54.848
P_5,protein,O,-57.136,-79.535,69.526
P_50,protein,CZ,-54.508,-74.697,55.741
P_51,protein,OH,-54.77,-76.059,55.442
P_52,protein,N,-50.764,-71.986,56.857
P_53,protein,CA,-49.56,-72.482,56.195
P_54,protein,C,-49.95,-73.531,55.169
P_55,protein,O,-50.624,-74.492,55.482
P_56,protein,CB,-48.574,-73.107,57.194
P_57,protein,CG1,-47.353,-73.608,56.476
P_58,protein,CG2,-48.185,-72.109,58.282
P_59,protein,N,-49.526,-73.341,53.936
P_6,protein,CA,-51.402,-72.305,71.696
P_60,protein,CA,-49.935,-74.239,52.871
P_61,protein,C,-48.916,-74.202,51.755
P_62,protein,CE,-45.682,-78.213,51.093
P_63,protein,NZ,-45.446,-79.684,51.086
P_64,protein,CB,-44.26,-75.12,54.088
P_65,protein,CG,-44.784,-76.537,54.22
P_66,protein,OD1,-45.878,-76.842,53.691
P_67,protein,OD2,-44.18,-77.419,54.856
P_68,protein,CD,-57.718,-71.036,66.541
P_69,protein,OE2,-57.28,-72.099,66.027
P_7,protein,C,-50.694,-73.616,71.912
P_70,protein,N,-59.673,-71.952,62.106
P_71,protein,O,-58.833,-74.213,60.731
P_72,protein,CG1,-60.79,-77.076,61.219
P_73,protein,CD1,-60.885,-78.515,61.719
P_8,protein,CB,-50.823,-71.612,70.47
P_9,protein,CG,-51.785,-70.65,69.795
SM_0,small_molecule,C,-52.771,-76.74,59.684
SM_1,small_molecule,C,-53.11,-75.538,60.187
SM_10,small_molecule,O,-51.86,-73.84,58.897
SM_11,small_molecule,H,-53.343,-72.292,60.436
SM_12,small_molecule,C,-49.551,-76.6,59.394
SM_13,small_molecule,C,-50.567,-76.951,58.358
SM_14,small_molecule,C,-51.946,-76.998,58.548
SM_15,small_molecule,N,-52.499,-77.371,57.35
SM_16,small_molecule,C,-51.529,-77.696,56.44
SM_17,small_molecule,C,-50.295,-77.434,57.018
SM_18,small_molecule,C,-51.901,-78.28,55.121
SM_19,small_molecule,H,-53.466,-77.401,57.168
SM_2,small_molecule,C,-54.03,-75.322,61.33
SM_20,small_molecule,C,-49.01,-77.753,56.377
SM_21,small_molecule,O,-48.373,-76.887,55.778
SM_22,small_molecule,N,-48.556,-79.076,56.44
SM_23,small_molecule,C,-47.357,-79.384,55.656
SM_24,small_molecule,C,-47.144,-80.9,55.469
SM_25,small_molecule,N,-47.251,-81.708,56.703
SM_26,small_molecule,C,-48.51,-81.366,57.397
SM_27,small_molecule,C,-48.696,-79.861,57.666
SM_28,small_molecule,C,-46.094,-81.518,57.576
SM_29,small_molecule,S,-56.427,-76.615,64.335
SM_3,small_molecule,C,-54.148,-73.935,61.475
SM_30,small_molecule,O,-57.649,-75.885,64.602
SM_31,small_molecule,O,-56.466,-77.936,63.736
SM_32,small_molecule,N,-55.523,-76.7,65.757
SM_33,small_molecule,C,-56.169,-76.728,67.075
SM_34,small_molecule,C,-54.098,-76.632,65.734
SM_35,small_molecule,C,-53.43,-75.555,66.314
SM_36,small_molecule,C,-52.043,-75.61,66.46
SM_37,small_molecule,C,-51.325,-76.731,66.041
SM_38,small_molecule,C,-51.996,-77.803,65.454
SM_39,small_molecule,C,-53.382,-77.752,65.299
SM_4,small_molecule,C,-54.916,-73.338,62.459
SM_40,small_molecule,Cl,-51.215,-74.301,67.209
SM_5,small_molecule,C,-55.587,-74.176,63.348
SM_6,small_molecule,C,-55.474,-75.576,63.229
SM_7,small_molecule,C,-54.711,-76.164,62.198
SM_8,small_molecule,N,-53.384,-73.271,60.527
SM_9,small_molecule,C,-52.686,-74.156,59.727
