src,dst,distance,edge_type
P_1,P_2,1.5230561381643122,prot_intra
P_1,P_3,1.5277617615322292,prot_intra
SM_10,P_1,4.33876583834619,inter
P_9,P_10,1.2364416686605113,prot_intra
SM_10,P_10,3.685481108349371,inter
SM_11,P_10,4.401263909378749,inter
SM_4,P_10,4.406366416901809,inter
SM_9,P_10,4.447336731123474,inter
P_11,P_12,1.519081630459662,prot_intra
P_12,P_13,1.2377536103764848,prot_intra
SM_4,P_13,4.416661748424935,inter
P_14,P_15,1.523225853246979,prot_intra
P_14,P_17,1.528980379207008,prot_intra
P_15,P_16,1.2355245849435803,prot_intra
P_15,P_19,1.3314240496551286,prot_intra
SM_11,P_15,4.4663687711607425,inter
SM_14,P_15,4.108177941618412,inter
SM_10,P_16,3.966257934123807,inter
SM_11,P_16,3.5107265629780815,inter
SM_12,P_16,3.840236451053501,inter
SM_13,P_16,4.3942338353801675,inter
SM_14,P_16,3.5015817854221334,inter
SM_14,P_17,3.97315290418076,inter
SM_14,P_18,3.689734001252662,inter
P_19,P_20,1.4515357384508354,prot_intra
P_2,P_8,1.32879419023414,prot_intra
P_20,P_21,1.5278645227898973,prot_intra
P_21,P_22,1.233569617005868,prot_intra
P_21,P_23,1.3479888723576203,prot_intra
SM_12,P_21,4.343955225367768,inter
SM_14,P_21,4.0953871611851245,inter
SM_11,P_22,4.471559683153074,inter
SM_14,P_22,3.6194825597038043,inter
P_23,P_24,1.4720146059058083,prot_intra
P_23,P_29,1.4754704334550266,prot_intra
SM_12,P_23,4.0223133890834575,inter
SM_14,P_23,4.408292866859011,inter
P_24,P_25,1.5224752871557479,prot_intra
P_24,P_27,1.5330296800779895,prot_intra
SM_11,P_24,4.382433456425792,inter
SM_12,P_24,3.682475526055821,inter
SM_14,P_24,4.104829472706506,inter
P_25,P_26,1.2351412874647252,prot_intra
SM_14,P_26,4.057809507603803,inter
P_27,P_28,1.4823730974353464,prot_intra
SM_12,P_27,4.348654274600374,inter
P_28,P_29,1.502791402690329,prot_intra
SM_12,P_28,4.313352756267449,inter
P_3,P_4,1.5231257334836057,prot_intra
P_32,P_33,1.2340275523666542,prot_intra
P_32,P_34,1.3352100958276165,prot_intra
SM_18,P_33,3.6782444181973477,inter
SM_19,P_33,3.8060826317882235,inter
SM_20,P_33,3.598112560774052,inter
P_34,P_35,1.4607566532451488,prot_intra
P_35,P_36,1.5227557256500577,prot_intra
P_35,P_38,1.5413750354796856,prot_intra
SM_16,P_35,4.39418092481409,inter
SM_18,P_35,4.183853486918489,inter
P_36,P_37,1.2382362456332676,prot_intra
SM_18,P_36,4.146396628399152,inter
SM_2,P_36,4.494769960743241,inter
SM_0,P_37,4.409279079396102,inter
SM_1,P_37,4.19873862010961,inter
SM_13,P_37,4.02693754607643,inter
SM_16,P_37,3.810950012792094,inter
SM_17,P_37,4.093003542632238,inter
SM_18,P_37,3.575748592952241,inter
SM_2,P_37,3.2977831948143495,inter
SM_3,P_37,4.209115108903537,inter
SM_9,P_37,4.0763981650471885,inter
P_38,P_39,1.5238877911447415,prot_intra
SM_15,P_39,3.961749361077757,inter
SM_16,P_39,4.016995021156989,inter
P_4,P_5,1.5180388664325917,prot_intra
SM_1,P_4,4.180367687177769,inter
SM_10,P_4,3.7140426761145378,inter
SM_2,P_4,3.731518993653934,inter
SM_3,P_4,3.9181932060581297,inter
SM_9,P_4,4.131867616465963,inter
P_40,P_41,1.5233574761033468,prot_intra
P_40,P_43,1.5310016329188165,prot_intra
SM_12,P_40,4.1602466273046685,inter
SM_13,P_40,4.30863818392772,inter
P_41,P_42,1.2354193619981928,prot_intra
P_41,P_46,1.3336993664241008,prot_intra
SM_12,P_41,4.169523953642675,inter
SM_13,P_41,4.106663974566237,inter
P_43,P_44,1.5120968884301005,prot_intra
P_44,P_45,1.2289137479904713,prot_intra
SM_12,P_44,4.320935199699246,inter
SM_11,P_45,3.8108556781909395,inter
SM_12,P_45,3.1868081209887764,inter
SM_13,P_45,4.121358635207585,inter
SM_14,P_45,3.7951702201613995,inter
P_46,P_47,1.4602962028300914,prot_intra
SM_12,P_46,4.132923904453116,inter
SM_13,P_46,3.6465703064660695,inter
SM_18,P_46,4.367051522480566,inter
P_47,P_48,1.5280896570554952,prot_intra
P_47,P_50,1.5372826675663602,prot_intra
SM_13,P_47,4.119620128118618,inter
SM_18,P_47,4.4242054653915,inter
SM_20,P_47,4.081078778950499,inter
P_48,P_49,1.236584408764713,prot_intra
P_48,P_57,1.328193886448822,prot_intra
SM_20,P_48,3.878730978039094,inter
SM_20,P_49,4.342195182163046,inter
P_5,P_6,1.24862684577899,prot_intra
P_5,P_7,1.2484638561047947,prot_intra
SM_1,P_5,4.218783710976421,inter
SM_10,P_5,4.454332834443332,inter
SM_2,P_5,4.165984637513684,inter
SM_3,P_5,4.195575765017239,inter
SM_4,P_5,4.364860937074632,inter
SM_6,P_5,4.410130496935441,inter
P_50,P_51,1.5252662062735052,prot_intra
SM_12,P_50,4.196656168904005,inter
SM_13,P_50,3.647518608588592,inter
P_51,P_52,1.5183010241714343,prot_intra
P_52,P_53,1.4576559950825083,prot_intra
P_53,P_54,1.3257167872513358,prot_intra
SM_12,P_53,4.120419032088846,inter
SM_13,P_53,3.5720697081663904,inter
P_54,P_55,1.3231560754499148,prot_intra
P_54,P_56,1.3297210233729466,prot_intra
SM_13,P_54,3.821900705146583,inter
SM_4,P_54,4.434391277278089,inter
SM_9,P_54,4.425965544375588,inter
SM_12,P_56,4.105088549593061,inter
SM_13,P_56,3.469238965536963,inter
SM_3,P_56,4.052932888662245,inter
SM_4,P_56,3.735479888849635,inter
SM_9,P_56,3.7995048361595707,inter
P_57,P_58,1.4511164667248615,prot_intra
SM_20,P_57,3.8512664150899734,inter
P_59,P_60,1.2370101050516793,prot_intra
P_59,P_61,1.3329137256401817,prot_intra
SM_20,P_60,4.0086263233182775,inter
SM_21,P_60,3.6978088106336897,inter
P_61,P_62,1.4583278095133656,prot_intra
P_62,P_63,1.5241843720495312,prot_intra
P_62,P_65,1.5298264607464545,prot_intra
SM_21,P_62,3.6938539494679596,inter
SM_22,P_62,4.351775959306732,inter
P_63,P_64,1.234313574421008,prot_intra
P_63,P_66,1.3321043502668986,prot_intra
SM_20,P_63,4.4758831530771745,inter
SM_21,P_63,3.7855983674975433,inter
SM_22,P_63,4.333775490262512,inter
P_66,P_67,1.4581268806245975,prot_intra
SM_20,P_66,4.338257484290219,inter
SM_21,P_66,3.597949554954892,inter
SM_22,P_66,3.733933582698027,inter
SM_23,P_66,4.451609821177044,inter
P_67,P_68,1.536001627603288,prot_intra
SM_21,P_67,4.384051208642537,inter
SM_22,P_67,4.3704706840339425,inter
SM_19,P_68,3.9445914870871204,inter
SM_20,P_68,4.126065074620133,inter
SM_21,P_68,3.9590069461924493,inter
SM_22,P_68,3.704205312884278,inter
SM_23,P_68,3.6472273030344557,inter
SM_24,P_68,4.017947859293363,inter
P_69,P_70,1.5172863935328884,prot_intra
SM_1,P_7,4.1480836539298656,inter
SM_10,P_7,4.1237809107662375,inter
SM_2,P_7,4.105166257290946,inter
SM_3,P_7,3.7719779956940425,inter
SM_4,P_7,3.6048590818504977,inter
SM_5,P_7,3.786827432033313,inter
SM_6,P_7,4.027434046635665,inter
SM_9,P_7,4.365227370939571,inter
P_70,P_71,1.3900194243247164,prot_intra
P_70,P_72,1.3890820710094827,prot_intra
SM_22,P_70,4.421236139361934,inter
SM_24,P_70,4.256245411157584,inter
P_71,P_73,1.380209404402094,prot_intra
SM_24,P_71,4.464686887117627,inter
P_72,P_74,1.3820036179402653,prot_intra
SM_22,P_72,3.678441517817039,inter
SM_23,P_72,4.092838868071899,inter
SM_24,P_72,3.829604940460576,inter
P_73,P_75,1.3770101669922443,prot_intra
SM_24,P_73,4.310488023414527,inter
P_74,P_75,1.378652240414537,prot_intra
SM_22,P_74,4.0213194352103026,inter
SM_23,P_74,4.181421050312925,inter
SM_24,P_74,3.641562851304376,inter
P_75,P_76,1.3760850264427642,prot_intra
SM_24,P_75,3.9001223057745382,inter
SM_24,P_76,4.417165833427571,inter
P_77,P_78,1.2487405655299446,prot_intra
SM_5,P_78,3.793934369490321,inter
SM_6,P_78,3.9210438661152383,inter
SM_7,P_78,3.7509958677663295,inter
P_79,P_81,1.3735221148565364,prot_intra
SM_21,P_79,4.423539419966763,inter
SM_10,P_8,4.186380178626885,inter
P_80,P_81,1.3207649298796469,prot_intra
SM_19,P_80,4.446595326764052,inter
SM_21,P_80,4.28444558840463,inter
SM_22,P_80,3.949786449923571,inter
SM_23,P_80,4.065924372144668,inter
SM_19,P_81,3.9395682504558804,inter
SM_20,P_81,3.72496590588424,inter
SM_21,P_81,3.4325748353094956,inter
SM_22,P_81,3.5065945017922973,inter
SM_23,P_81,3.8148783728973714,inter
SM_21,P_82,4.370491276733094,inter
SM_0,SM_1,1.3684472952949203,sm_intra
SM_0,SM_16,1.459715725749384,sm_intra
SM_0,SM_8,1.3580644314611858,sm_intra
SM_1,SM_2,1.3506753866122028,sm_intra
SM_1,SM_6,1.3909805893685294,sm_intra
SM_10,SM_11,1.3668983137014878,sm_intra
SM_9,SM_10,1.3814872420692224,sm_intra
SM_11,SM_12,1.3429046876081678,sm_intra
SM_11,SM_14,1.4434770521210352,sm_intra
SM_12,SM_13,1.333354791494003,sm_intra
SM_9,SM_13,1.4144886001661476,sm_intra
SM_15,SM_16,1.5359261049933306,sm_intra
SM_16,SM_17,1.5255903775260158,sm_intra
SM_17,SM_18,1.3537540396985148,sm_intra
SM_17,SM_25,1.472705333731077,sm_intra
SM_18,SM_19,1.3934973986340957,sm_intra
SM_19,SM_20,1.372759629359768,sm_intra
SM_19,SM_23,1.3888416036395295,sm_intra
SM_2,SM_3,1.3612979100843425,sm_intra
SM_20,SM_21,1.3761166374984246,sm_intra
SM_21,SM_22,1.3716242196753428,sm_intra
SM_22,SM_23,1.3159278095700973,sm_intra
SM_23,SM_24,1.4211354615236513,sm_intra
SM_24,SM_25,1.3483423155860594,sm_intra
SM_3,SM_4,1.4038073229613868,sm_intra
SM_3,SM_9,1.4484439927038975,sm_intra
SM_4,SM_5,1.3619379574708983,sm_intra
SM_5,SM_6,1.3559627576006628,sm_intra
SM_6,SM_7,1.3635985479604993,sm_intra
SM_7,SM_8,1.333920912198306,sm_intra
